<?xml version="1.0" encoding="UTF-8"?>
<project-private xmlns="http://www.netbeans.org/ns/project-private/1">
    <editor-bookmarks xmlns="http://www.netbeans.org/ns/editor-bookmarks/2" lastBookmarkId="0"/>
    <open-files xmlns="http://www.netbeans.org/ns/projectui-open-files/2">
        <group>
            <file>file:/E:/SAURABH%20SARATE/COMPUTER/internship/codeclause/Electricity%20Billing%20System%20Project%20in%20Java%20Source%20Code/Electricity-Billing-System/src/Electricity/About.java</file>
            <file>file:/E:/SAURABH%20SARATE/COMPUTER/internship/codeclause/Electricity%20Billing%20System%20Project%20in%20Java%20Source%20Code/Electricity-Billing-System/src/Electricity/Splash.java</file>
        </group>
    </open-files>
</project-private>
